ID,Zone,State,City,Name,Type,Establishment Year,time needed to visit in hrs,Entrance Fee in INR,Airport with 50km Radius,Weekly Off,Significance,DSLR Allowed,Number of google review in lakhs,Best Time to visit
300000,Northern,Delhi,Delhi,India Gate,War Memorial,1921,0.5,0,Yes,None,Historical,Yes,2.6,Evening
300001,Northern,Delhi,Delhi,Humayun's Tomb,Tomb,1572,2,30,Yes,None,Historical,Yes,0.4,Afternoon
300002,Northern,Delhi,Delhi,Akshardham Temple,Temple,2005,5,60,Yes,None,Religious,No,0.4,Afternoon
300003,Northern,Delhi,Delhi,Waste to Wonder Park,Theme Park,2019,2,50,Yes,Monday,Environmental,Yes,0.27,Evening
300004,Northern,Delhi,Delhi,Jantar Mantar,Observatory,1724,2,15,Yes,None,Scientific,Yes,0.31,Morning
300005,Northern,Delhi,Delhi,Chandni Chowk,Market,1700,3,0,Yes,Sunday,Market,Yes,0.25,Afternoon
300006,Northern,Delhi,Delhi,Lotus Temple,Temple,1986,1,0,Yes,Monday,Religious,Yes,0.59,Evening
300007,Northern,Delhi,Delhi,Red Fort,Fort,1648,2,35,Yes,None,Historical,Yes,1.5,Afternoon
300008,Northern,Delhi,Delhi,Agrasen ki Baoli,Stepwell,1400,1,0,Yes,None,Historical,Yes,0.41,Afternoon
300009,Northern,Delhi,Delhi,Sunder Nursery,Park,1600,2,0,Yes,None,Botanical,Yes,0.16,Afternoon
300010,Northern,Delhi,Delhi,Garden of Five Senses,Park,2003,2,35,Yes,None,Botanical,Yes,0.23,Morning
300011,Northern,Delhi,Delhi,Lodhi Garden,Park,1500,1,0,Yes,None,Botanical,Yes,0.48,All
300012,Northern,Delhi,Delhi,National Gallery of Modern Art,Museum,1954,3,20,Yes,Monday,Artistic,Yes,0.08,All
300013,Northern,Delhi,Delhi,National Zoological Park ,Zoo,1959,3,80,Yes,Friday,Environmental,Yes,0.41,All
300014,Northern,Delhi,Delhi,Qutub Minar,Monument,1192,1,35,Yes,None,Historical,Yes,1.37,Afternoon
300015,Northern,Delhi,Delhi,National Science Centre,Science,1992,5,70,Yes,None,Scientific,Yes,0.23,All
300016,Western,Maharastra,Mumbai,Marine Drive,Promenade,Unknown,2,0,Yes,None,Scenic,Yes,1.5,Evening
300017,Western,Maharastra,Mumbai,Gateway of India,Monument,1924,1,0,Yes,None,Historical,Yes,3.6,All
300018,Western,Maharastra,Mumbai,Chhatrapati Shivaji Maharaj Vastu Sangrahalaya,Museum,1922,1,500,Yes,None,Historical,Yes,0.34,All
300019,Western,Maharastra,Mumbai,Sanjay Gandhi National Park,National Park,1996,3,50,Yes,Monday,Wildlife,Yes,0.6,All
300020,Western,Maharastra,Mumbai,Siddhivinayak Temple,Temple,1881,2,0,Yes,None,Religious,No,1.05,All
300021,Western,Maharastra,Mumbai,Mahalaxmi Temple,Temple,1831,1,0,Yes,None,Religious,No,0.33,All
300022,Western,Maharastra,Mumbai,Haji Ali Dargah,Religious Shrine,1431,2,0,Yes,None,Religious,No,0.16,All
300023,Western,Maharastra,Mumbai,Chowpatty Beach,Beach,Unknown,2,0,Yes,None,Recreational,Yes,0.05,Evening
300024,Western,Maharastra,Mumbai,Essel World,Amusement Park,1986,5,1149,Yes,None,Recreational,Yes,0.27,All
300025,Western,Maharastra,Mumbai,Elephanta Caves,Monument,1987,4,550,Yes,None,Historical,Yes,0.35,All 
300026,Western,Maharastra,Lonavala,Imagicaa,Amusement Park,2013,5,1149,No,Monday,Recreational,Yes,0.95,All
300027,Southern,Karnataka,Bangalore,Bangalore Palace,Palace,1878,2,500,Yes,Monday,Historical,Yes,0.9,Morning
300028,Southern,Karnataka,Bangalore,Lalbagh Botanical Garden,Botanical Garden,1760,1.5,20,Yes,None,Nature,Yes,1.5,Evening
300029,Southern,Karnataka,Bangalore,Cubbon Park,Park,1870,1,0,Yes,None,Nature,Yes,1.32,Morning
300030,Southern,Karnataka,Bangalore,Vidhana Soudha,Government Building,1956,0.5,0,Yes,None,Architectural,No,0.8,Morning
300031,Southern,Karnataka,Bangalore,ISKCON Temple Bangalore,Temple,1997,1,0,Yes,None,Religious,Yes,1.14,Evening
300032,Southern,Telangana,Hyderabad,Charminar,Landmark,1591,1,25,Yes,Friday,Historical,Yes,2.1,Morning
300033,Southern,Telangana,Hyderabad,Golconda Fort,Fort,1600,2,30,Yes,None,Historical,Yes,1.2,Morning
300034,Southern,Telangana,Hyderabad,Hussain Sagar Lake,Lake,1563,1,0,Yes,None,Scenic,Yes,0.5,Evening
300035,Southern,Telangana,Hyderabad,Ramoji Film City,Film Studio,1996,4,1150,Yes,None,Entertainment,Yes,0.45,All
300036,Southern,Telangana,Hyderabad,Salar Jung Museum,Museum,1951,2,20,Yes,None,Historical,Yes,0.67,All
300037,Southern,Telangana,Hyderabad,Qutb Shahi Tombs,Tombs,1600,1,25,Yes,None,Historical,Yes,0.2,Morning
300038,Southern,Telangana,Hyderabad,Birla Mandir,Temple,1976,1,0,Yes,None,Religious,No,0.41,All
300039,Southern,Telangana,Hyderabad,Chowmahalla Palace,Palace,1800,1.5,80,Yes,None,Historical,Yes,0.45,Morning
300040,Southern,Telangana,Hyderabad,Nehru Zoological Park,Zoo,1963,3,50,Yes,None,Wildlife,Yes,0.86,Morning
300041,Southern,Telangana,Hyderabad,Lumbini Park,Park,1994,1,20,Yes,None,Recreational,Yes,0.73,Evening
300042,Eastern,West Bengal,Kolkata,Victoria Memorial,Museum,1921,1.5,30,Yes,Monday,Historical,Yes,0.73,Morning
300043,Eastern,West Bengal,Kolkata,Howrah Bridge,Bridge,1943,0.5,0,Yes,None,Architectural,No,1.2,Anytime
300044,Eastern,West Bengal,Kolkata,Indian Museum,Museum,1814,2,50,Yes,Monday,Historical,Yes,0.18,Morning
300045,Eastern,West Bengal,Kolkata,Dakshineswar Kali Temple,Temple,1855,1,0,Yes,None,Religious,Yes,0.82,Morning
300046,Eastern,West Bengal,Kolkata,Kalighat Kali Temple,Temple,1809,1,0,Yes,None,Religious,Yes,0.5,Morning
300047,Eastern,West Bengal,Kolkata,Eden Gardens,Cricket Ground,1864,3,2500,Yes,None,Sports,Yes,0.1,All
300048,Eastern,West Bengal,Kolkata,Alipore Zoological Gardens,Zoo,1876,2,25,Yes,None,Wildlife,Yes,0.66,Afternoon
300049,Eastern,West Bengal,Kolkata,Science City Kolkata,Science,1997,3,60,Yes,None,Educational,Yes,0.88,All
300050,Eastern,West Bengal,Kolkata,Belur Math,Site,1898,1.5,0,Yes,None,Religious,Yes,0.47,Morning
300051,Eastern,West Bengal,Kolkata,Marble Palace,Palace,1835,1,0,Yes,None,Historical,Yes,0.1,Afternoon
300052,Southern,Goa,Goa,Calangute Beach,Beach,Unknown,2,0,Yes,None,Scenic,Yes,0.26,Evening
300053,Southern,Goa,Goa,Basilica of Bom Jesus,Church,1605,1,0,Yes,None,Historical,Yes,0.59,Afternoon
300054,Southern,Goa,Goa,Fort Aguada,Fort,1612,1.5,0,Yes,None,Historical,Yes,0.95,Morning
300055,Southern,Goa,Goa,Dudhsagar Falls,Waterfall,Unknown,3,500,Yes,None,Nature,Yes,0.3,Afternoon
300056,Southern,Goa,Goa,Anjuna Beach,Beach,Unknown,2,0,Yes,None,Scenic,Yes,0.18,Evening
300057,Southern,Goa,Goa,Chapora Fort,Fort,1617,1,0,Yes,None,Historical,Yes,0.19,Evening
300058,Southern,Goa,Goa,Se Cathedral,Church,1640,1,0,Yes,None,Historical,Yes,0.05,Afternoon
300059,Southern,Goa,Goa,Baga Beach,Beach,Unknown,2,0,Yes,None,Scenic,Yes,0.35,Evening
300060,Southern,Goa,Goa,Arambol Beach,Beach,Unknown,2,0,Yes,None,Scenic,Yes,0.1,Evening
300061,Southern,Goa,Goa,Palolem Beach,Beach,Unknown,2,0,Yes,None,Scenic,Yes,0.27,Evening
300062,Southern,Goa,Goa,Colva Beach,Beach,Unknown,2,0,Yes,None,Scenic,Yes,0.1,Evening
300063,Southern,Goa,Goa,Miramar Beach,Beach,Unknown,1.5,0,Yes,None,Scenic,Yes,0.3,Evening
300064,Southern,Goa,Goa,Aguada Beach,Beach,Unknown,2,0,Yes,None,Scenic,Yes,0.01,Evening
300065,Southern,Goa,Goa,Dr. Salim Ali Bird Santuary,Bird Sanctuary,1988,2,10,Yes,None,Wildlife,Yes,0.03,Afternoon
300066,Western,Gujarat,Ahmedabad,Sabarmati Ashram,Historical,1915,1.5,0,Yes,None,Historical,Yes,0.35,Morning
300067,Western,Gujarat,Dwarka,Dwarkadhish Temple,Temple,-400,2,0,No,None,Religious,No,0.59,Evening
300068,Western,Gujarat,Junagadh,Gir National Park,National Park,1965,3,3500,No,None,Wildlife,Yes,0.08,Morning
300069,Western,Gujarat,Bhuj,White Desert,Site,1950,2.5,0,Yes,None,Nature,Yes,0.12,Evening
300070,Western,Gujarat,Vadodara,Laxmi Vilas Palace,Palace,1890,2,200,Yes,Monday,Historical,Yes,0.17,Afternoon
300071,Western,Gujarat,Somnath,Somnath Temple,Temple,1951,2,0,No,None,Religious,No,0.39,Morning
300072,Western,Gujarat,Rann of Kutch,Rann Utsav,Cultural,Unknown,3,7500,Yes,None,Cultural,Yes,0.1,Evening
300073,Western,Gujarat,Kevadia,Statue of Unity,Monument,2018,3,350,No,Monday,Historical,Yes,0.67,All
300074,Western,Gujarat,Gandhinagar,Dandi Kutir,Museum,2013,1.5,0,No,None,Historical,Yes,0.05,All
300075,Western,Gujarat,Ahmedabad,Sabarmati Riverfront,Urban Development Project,2012,1,0,Yes,None,Recreational,Yes,0.1,Evening
300076,Western,Gujarat,Ahmedabad,Manek Chowk,Market,Unknown,2,0,Yes,None,Food,Yes,0.49,Night
300077,Western,Gujarat,Ahmedabad,Kankaria Lake,Lake,1451,3,10,Yes,None,Recreational,Yes,0.3,Afternoon
300078,Western,Gujarat,Ahmedabad,Science City,Science,2002,7,500,Yes,Monday,Educational,Yes,0.11,All
300079,Northern,Rajasthan,Jaipur,Hawa Mahal,Palace,1799,1,50,Yes,None,Architectural,Yes,1.3,Morning
300080,Northern,Rajasthan,Udaipur,City Palace,Palace,1559,2,300,Yes,None,Historical,Yes,0.51,All
300081,Northern,Rajasthan,Jaisalmer,Jaisalmer Fort,Fort,1156,2.5,50,No,None,Historical,Yes,0.56,All
300082,Northern,Rajasthan,Sawai Madhopur,Ranthambore National Park,Wildlife Sanctuary,1980,3,500,No,None,Wildlife,Yes,0.09,All
300083,Northern,Rajasthan,Pushkar,Pushkar Lake,Temple,1400,1.5,0,No,None,Religious,Yes,1.6,All
300084,Northern,Rajasthan,Ajmer,Ajmer Sharif Dargah,Shrine,1236,1,0,Yes,None,Religious,No,0.35,All
300085,Northern,Rajasthan,Jodhpur,Mehrangarh Fort,Fort,1459,2,100,Yes,None,Historical,Yes,0.64,All
300086,Northern,Rajasthan,Chittorgarh,Chittorgarh Fort,Fort,700,2,40,No,None,Historical,Yes,1.9,All
300087,Northern,Rajasthan,Mount Abu,Dilwara Temples,Temple,1100,1,0,No,None,Religious,No,0.05,All
300088,Northern,Rajasthan,Bikaner,Junagarh Fort,Fort,1589,2,50,Yes,None,Historical,Yes,0.32,All
300089,Northern,Rajasthan,Jaipur,Amber Fort,Fort,1592,2,100,Yes,None,Historical,Yes,1.5,All
300090,Northern,Rajasthan,Jaipur,Jaigarh Fort,Fort,1726,1.5,35,Yes,None,Historical,Yes,0.3,All
300091,Northern,Rajasthan,Udaipur,Lake Pichola,Lake,1362,1,0,Yes,None,Nature,Yes,0.5,All
300092,Northern,Punjab,Amritsar,Golden Temple (Harmandir Sahib),Religious Site,1604,1.5,0,Yes,None,Spiritual,Yes,1.9,All
300093,Northern,Punjab,Amritsar,Jallianwala Bagh,Memorial,1951,1,0,Yes,None,Historical,Yes,0.3,Afternoon
300094,Northern,Punjab,Amritsar,Wagah Border,Border Crossing,1950,2,0,Yes,None,Cultural,Yes,0.17,Evening
300095,Northern,Punjab,Chandigarh,Rock Garden,Sculpture Garden,1976,2,30,Yes,None,Artistic,Yes,0.5,All
300096,Southern,Kerala,Alappuzha,Alappuzha Beach,Beach,Unknown,1.5,0,Yes,None,Recreational,Yes,0.11,All
300097,Southern,Kerala,Munnar,Munnar Tea Gardens,Scenic Area,Unknown,2,0,No,None,Nature,Yes,0.3,All
300098,Southern,Kerala,Kochi,Fort Kochi,Site,1503,1,0,Yes,None,Historical,Yes,0.1,All
300099,Southern,Kerala,Thiruvananthapuram,Padmanabhaswamy Temple,Temple,Unknown,1,0,Yes,None,Religious,No,0.46,All
300100,Southern,Kerala,Kozhikode,Kozhikode Beach,Beach,Unknown,1.5,0,Yes,None,Recreational,Yes,0.059,All
300101,Southern,Kerala,Wayanad,Wayanad Wildlife Sanctuary,Wildlife Sanctuary,Unknown,3,300,No,None,Wildlife,Yes,2.2,All
300102,Southern,Kerala,Thekkady,Periyar National Park,National Park,1982,3,50,No,None,Wildlife,Yes,0.14,All
300103,Southern,Kerala,Kumarakom,Kumarakom Bird Sanctuary,Bird Sanctuary,1972,2,50,Yes,None,Wildlife,Yes,0.1,All
300104,Southern,Kerala,Varkala,Varkala Beach,Beach,Unknown,2,0,Yes,None,Recreational,Yes,0.1,All
300105,Southern,Kerala,Bekal,Bekal Fort,Fort,1650,1.5,20,No,None,Historical,Yes,0.22,All
300106,Southern,Kerala,Kovalam,Kovalam Beach,Beach,Unknown,2,0,Yes,None,Recreational,Yes,0.68,All
300107,Southern,Kerala,Kannur,St. Angelo Fort,Fort,1505,1,20,Yes,None,Historical,Yes,0.11,All
300108,Southern,Kerala,Nelliyampathy,Seethargundu Viewpoint,Viewpoint,Unknown,1,0,No,None,Nature,Yes,0.03,Morning
300109,Southern,Kerala,Kochi,Kerala Folklore Museum,Cultural,2009,1.5,100,Yes,Monday,Cultural,Yes,0.1,All
300110,Southern,Kerala,Kochi,Wonderla Amusement Park,Amusement Park,2016,5.5,750,Yes,None,Entertainment,Yes,0.41,All
300111,Southern,Karnataka,Mysore,Mysore Palace,Palace,1912,2,50,Yes,None,Historical,Yes,2.5,All
300112,Southern,Karnataka,Hampi,Hampi Archaeological Ruins,Site,Unknown,3,0,No,None,Historical,Yes,0.05,All
300113,Southern,Karnataka,Coorg,Abbey Falls,Waterfall,Unknown,1,0,No,None,Nature,Yes,0.03,Morning
300114,Southern,Karnataka,Gokarna,Om Beach,Beach,Unknown,2,0,No,None,Nature,Yes,0.09,All
300115,Southern,Karnataka,Chikmagalur,Mullayanagiri,Mountain Peak,Unknown,3,0,No,None,Nature,Yes,0.05,All
300116,Southern,Karnataka,Badami,Badami Cave Temples,Cave,600,1.5,30,No,None,Religious,No,0.2,All
300117,Southern,Karnataka,Shivamogga,Jog Falls,Waterfall,1900,1.5,30,No,None,Nature,Yes,0.23,Morning
300118,Southern,Karnataka,Mangalore,Panambur Beach,Beach,Unknown,1.5,0,Yes,None,Recreational,Yes,0.1,All
300119,Southern,Karnataka,Murudeshwar,Murudeshwar Temple,Temple,Unknown,1,0,Yes,None,Religious,No,0.49,All
300120,Southern,Karnataka,Bijapur,Gol Gumbaz,Mausoleum,1656,1.5,20,No,None,Historical,Yes,0.25,All
300121,Southern,Karnataka,Bandipur,Bandipur National Park,National Park,1974,3,300,No,None,Wildlife,Yes,0.15,Morning
300122,Southern,Karnataka,Halebidu,Halebidu Hoysaleswara Temple,Temple,1121,1,15,No,None,Religious,No,0.11,All
300123,Western,Maharastra,Pune,Shaniwar Wada,Fort,1732,2,50,Yes,None,Historical,Yes,1.2,All
300124,Western,Maharastra,Aurangabad,Ajanta Caves,Cave,200,3,30,Yes,Monday,Historical,Yes,0.21,Afternoon
300125,Western,Maharastra,Nashik,Sula Vineyards,Vineyard,1999,2,300,Yes,None,Recreational,Yes,0.1,Afternoon
300126,Western,Maharastra,Shirdi,Sai Baba Temple,Temple,1922,1.5,0,Yes,None,Religious,No,0.69,All
300127,Western,Maharastra,Alibaug,Alibaug Beach,Beach,Unknown,1.5,0,Yes,None,Recreational,Yes,0.05,Evening
300128,Western,Maharastra,Ratnagiri,Ganapatipule Temple,Temple,1600,1,0,No,None,Religious,No,0.1,All
300129,Western,Maharastra,Nagpur,Deekshabhoomi,Monument,2001,1,0,Yes,None,Religious,Yes,0.11,Afternoon
300130,Western,Maharastra,Kolhapur,Mahalakshmi Temple,Temple,700,1,0,Yes,None,Religious,No,0.9,All
300131,Western,Maharastra,Lonavala,Karla Caves,Cave,200,1.5,25,Yes,Yes,Historical,Yes,0.27,Afternoon
300132,Western,Maharashtra,Tarkarli,Tarkarli Beach,Beach,Unknown,2,0,No,None,Recreational,Yes,0.065,Evening
300133,Western,Maharashtra,Satara,Kaas Plateau,Valley,Unknown,2,300,No,None,Nature,Yes,0.05,Afternoon
300134,Western,Maharashtra,Matheran,Echo Point,Viewpoint,1828,1.5,0,Yes,None,Nature,Yes,0.02,Morning
300135,Western,Maharashtra,Ajanta,Ellora Caves,Cave,600,3,30,Yes,Tuesday,Historical,Yes,0.49,Afternoon
300136,Central,Madhya Pradesh,Khajuraho,Khajuraho Group of Monuments,Temples,-850,2,40,No,None,Cultural,Yes,0.09,Afternoon
300137,Central,Madhya Pradesh,Bhopal,Sanchi Stupa,Monument,-300,1.5,30,Yes,None,Historical,Yes,0.01,Afternoon
300138,Central,Madhya Pradesh,Indore,Rajwada Palace,Palace,1747,1,10,Yes,None,Historical,Yes,0.63,Afternoon
300139,Central,Madhya Pradesh,Gwalior,Gwalior Fort,Fort,900,2.5,75,Yes,None,Historical,Yes,0.4,Morning
300140,Central,Madhya Pradesh,Ujjain,Mahakaleshwar Jyotirlinga,Temple,-3500,1.5,0,Yes,None,Religious,No,1.2,All
300141,Central,Madhya Pradesh,Jabalpur,Dhuandhar Falls,Waterfall,Unknown,1,0,No,None,Nature,Yes,0.01,Morning
300142,Central,Madhya Pradesh,Pachmarhi,Bee Falls,Waterfall,Unknown,1.5,15,No,None,Nature,Yes,0.065,Morning
300143,Central,Madhya Pradesh,Kanha,Kanha National Park,Wildlife Sanctuary,1955,3,100,No,None,Wildlife,Yes,0.1,Morning
300144,Central,Madhya Pradesh,Bandhavgarh,Bandhavgarh National Park,National Park,1968,3,50,No,None,Wildlife,Yes,0.05,Morning
300145,Central,Madhya Pradesh,Orchha,Orchha Fort,Fort,1500,1.5,10,No,None,Historical,Yes,0.1,Afternoon
300146,Central,Madhya Pradesh,Mandu,Jahaz Mahal,Site,1500,1,50,No,None,Historical,Yes,0.03,Afternoon
300147,Central,Madhya Pradesh,Bhimbetka,Bhimbetka Rock Shelters,Prehistoric Site,1958,2,25,No,None,Archaeological,Yes,0.07,Afternoon
300148,Central,Madhya Pradesh,Amarkantak,Narmada Udgam Temple,Temple,1200,1,0,No,None,Religious,Yes,0.01,All
300149,Central,Madhya Pradesh,Chitrakoot,Chitrakoot Falls,Waterfall,Unknown,1.5,0,No,None,Nature,Yes,0.1,Morning
300150,Northern,Himachal Pradesh,Shimla,The Ridge,Scenic Point,Unknown,1,0,Yes,None,Recreational,Yes,0.03,Morning
300151,Northern,Himachal Pradesh,Manali,Solang Valley,Valley,Unknown,2,0,No,None,Adventure,Yes,0.05,Morning
300152,Northern,Himachal Pradesh,dalhousie,Dalai Lama Temple,Temple,1959,1.5,0,Yes,None,Religious,No,0.15,All
300153,Northern,Himachal Pradesh,Dalhousie,Khajjiar Lake,Lake,Unknown,1.5,0,No,None,Nature,Yes,0.1,Morning
300154,Northern,Himachal Pradesh,Spiti Valley,Key Monastery,Monastery,1100,1,0,No,None,Religious,Yes,0.025,Morning
300155,Northern,Himachal Pradesh,Kullu,Great Himalayan National Park,National Park,1984,3,50,No,None,Wildlife,Yes,0.2,All
300156,Northern,Himachal Pradesh,Chamba,Chamera Lake,Lake,Unknown,2,0,No,None,Recreational,Yes,0.01,Morning
300157,Northern,Himachal Pradesh,Kinnaur,Sangla Valley,Valley,Unknown,2,0,No,None,Nature,Yes,0.01,Morning
300158,Northern,Himachal Pradesh,Kangra,Kangra Fort,Fort,400,2,150,Yes,None,Historical,Yes,0.1,All
300159,Northern,Himachal Pradesh,Palampur,Tea Gardens,Tea Plantation,1950,1.5,0,Yes,None,Agricultural,Yes,0.015,Morning
300160,Northern,Himachal Pradesh,Mandi,Prashar Lake,Lake,1400,1.5,0,No,None,Nature,Yes,0.01,Morning
300161,Northern,Himachal Pradesh,Bir Billing,Paragliding Site,Adventure Sport,2005,2,2500,No,None,Adventure,Yes,0.01,All
300162,Northern,Himachal Pradesh,McLeod Ganj,Triund Trek,Trekking,Unknown,5,0,Yes,None,Adventure,Yes,0.01,Morning
300163,Northern,Himachal Pradesh,Manikaran,Manikaran Sahib,Gurudwara,1980,1,0,No,None,Religious,Yes,1.3,Morning
300164,Northern,Himachal Pradesh,Narkanda,Hatu Peak,Viewpoint,Unknown,2,0,Yes,None,Nature,Yes,1.1,All
300165,Northern,Himachal Pradesh,Barot,Barot Valley,Valley,Unknown,2,0,No,None,Nature,Yes,1.2,Morning
300166,Northern,Himachal Pradesh,Shoja,Serolsar Lake,Lake,Unknown,2.5,0,No,None,Nature,Yes,0.9,Morning
300167,Northern,Himachal Pradesh,Kufri,Kufri Fun World,Ski Resort,1975,5,1500,Yes,None,Recreational,Yes,0.1,All
300168,Northern,Uttarakhand,Nainital,Naini Lake,Lake,Unknown,1.5,0,Yes,None,Nature,Yes,0.01,Morning
300169,Northern,Uttarakhand,Rishikesh,Laxman Jhula,Suspension Bridge,1939,1,0,Yes,None,Cultural,Yes,0.03,Morning
300170,Northern,Uttarakhand,Haridwar,Har Ki Pauri,Ghat,Unknown,1,0,Yes,None,Religious,Yes,0.025,All
300171,Northern,Uttarakhand,Dehradun,Robber's Cave,Cave,Unknown,1.5,25,Yes,None,Nature,Yes,0.01,Morning
300172,Northern,Uttarakhand,Mussoorie,Kempty Falls,Waterfall,Unknown,1.5,15,Yes,None,Nature,Yes,0.55,Morning
300173,Northern,Uttarakhand,Auli,Auli Ski Resort,Ski Resort,1990,3,0,No,None,Adventure,Yes,0.01,Morning
300174,Northern,Uttarakhand,Badrinath,Badrinath Temple,Temple,-820,1,0,No,None,Religious,No,0.29,All
300175,Northern,Uttarakhand,Almora,Binsar Wildlife Sanctuary,Wildlife Sanctuary,1988,2,150,No,None,Wildlife,Yes,0.01,All
300176,Northern,Uttarakhand,Ranikhet,Chaubatia Gardens,Orchard,1868,1,50,No,None,Recreational,Yes,0.025,All
300177,Northern,Uttarakhand,Jim Corbett,Jim Corbett National Park,National Park,1936,3,100,Yes,None,Wildlife,Yes,0.3,All
300178,Northern,Uttarakhand,Uttarkashi,Gangotri Temple,Temple,1751,1,0,No,None,Religious,No,0.05,All
300179,Northern,Uttarakhand,Chopta,Tungnath Temple,Temple,751,2,0,No,None,Religious,No,0.09,All
300180,Northern,Uttarakhand,Joshimath,Valley of Flowers,National Park,1982,5,150,No,None,Nature,Yes,0.035,Morning
300181,Central,Uttar Pradesh,Agra,Taj Mahal,Mausoleum,1632,2,50,Yes,Friday,Historical,Yes,2.25,Morning
300182,Central,Uttar Pradesh,Varanasi,Kashi Vishwanath Temple,Temple,Unknown,1,0,Yes,None,Religious,No,0.9,All
300183,Central,Uttar Pradesh,Lucknow,Bara Imambara,Monument,1784,1.5,50,Yes,Monday,Historical,No,0.45,All
300184,Central,Uttar Pradesh,Mathura,Krishna Janmabhoomi,Temple,Unknown,1,0,Yes,None,Religious,No,0.13,All
300185,Central,Uttar Pradesh,Ayodhya,Ram Janmabhoomi,Religious Site,Unknown,1,0,Yes,None,Religious,No,0.025,All
300186,Central,Uttar Pradesh,Vrindavan,Banke Bihari Temple,Temple,1864,1,0,Yes,None,Religious,No,0.37,All
300187,Central,Uttar Pradesh,Allahabad,Triveni Sangam,Confluence,Unknown,1,0,Yes,None,Religious,Yes,0.09,Morning
300188,Central,Uttar Pradesh,Jhansi,Jhansi Fort,Fort,1613,1.5,15,Yes,None,Historical,Yes,0.25,All
300189,Central,Uttar Pradesh,Sarnath,Dhamek Stupa,Monument,-500,1,5,Yes,None,Historical,Yes,0.065,All
300190,Central,Uttar Pradesh,Fatehpur Sikri,Buland Darwaza,Monument,1571,2,40,Yes,None,Historical,Yes,0.07,Afternoon
300191,Central,Uttar Pradesh,Noida,Okhla Bird Sanctuary,Bird Sanctuary,1990,1.5,30,Yes,None,Wildlife,Yes,0.035,All
300192,Central,Uttar Pradesh,Aligarh,Aligarh Fort,Fort,1524,1,20,Yes,None,Historical,Yes,0.0165,Afternoon
300193,Central,Uttar Pradesh,Meerut,Augarnath Temple,Temple,Unknown,1,0,Yes,None,Religious,No,0.045,All
300194,Central,Uttar Pradesh,Kanpur,Allen Forest Zoo,Zoo,1971,2,150,Yes,Monday,Wildlife,Yes,0.21,All
300195,Northern,Jammu and Kashmir,Srinagar,Dal Lake,Lake,Unknown,2,0,Yes,None,Nature,Yes,0.15,Morning
300196,Northern,Ladakh,Leh,Pangong Tso,Lake,Unknown,2,20,Yes,None,Nature,Yes,0.15,Morning
300197,Northern,Jammu and Kashmir,Pahalgam,Betaab Valley,Valley,Unknown,2,100,No,None,Nature,Yes,0.11,All
300198,Northern,Jammu and Kashmir,Jammu,Vaishno Devi,Temple,Unknown,5,0,Yes,None,Religious,No,0.55,All
300199,Northern,Jammu and Kashmir,Udhampur,Patnitop Height,Hill,Unknown,2,0,No,None,Recreational,Yes,0.01,All
300200,Northern,Jammu and Kashmir,Anantnag,Amarnath Cave,Temple,Unknown,6,0,No,None,Religious,Yes,0.11,All
300201,Northern,Ladakh,Leh,Thiksey Monastery,Monastery,1430,1.5,20,Yes,None,Religious,No,0.05,All
300202,Northern,Ladakh,Nubra Valley,Nubra Valley,Valley,Unknown,2,0,No,None,Nature,Yes,0.1,All
300203,Northern,Ladakh,Kargil,Kargil War Memorial,War Memorial,24,1,0,No,None,Historical,Yes,0.011,All
300204,Northern,Ladakh,Diskit,Diskit Monastery,Monastery,1351,1,20,No,None,Religious,No,0.015,Morning
300205,Northern,Jammu and Kashmir,Kishtwar,Kishtwar National Park,National Park,1981,3,100,No,None,Wildlife,Yes,0.01,All
300206,Northern,Ladakh,Hemis,Hemis National Park,National Park,1981,4,20,No,None,Wildlife,Yes,0.02,All
300207,Northern,Ladakh,Dras,Dras War Memorial,War Memorial,Unknown,1,0,No,None,Historical,Yes,0.012,All
300208,Northern,Ladakh,Leh,Magnetic Hill,Gravity Hill,Unknown,0.5,0,Yes,None,Nature,Yes,0.1,All
300209,Northern,Ladakh,Leh,Khardung La Pass,Hill,Unknown,1,0,Yes,None,Adventure,Yes,0.05,Afternoon
300210,Northern,Ladakh,Leh,Thiksey Monastery,Monastery,1430,1.5,30,Yes,None,Religious,No,0.05,All
300211,Central,Uttar Pradesh,Vrindavan,Prem Mandir,Temple,2012,1.5,0,Yes,None,Religious,Yes,0.49,Evening
300212,Central,Uttar Pradesh,Porbandar,Kirti Mandir,Memorial,1950,1,0,Yes,None,Historical,Yes,0.03,Morning
300213,Central,Uttar Pradesh,Mathura,Nand Gaon,Village,Unknown,1,0,Yes,None,Cultural,Yes,0.01,Morning
300214,Central,Uttar Pradesh,Mathura,Barsana Mandir,Temple,Unknown,1,0,Yes,None,Religious,Yes,0.1,Morning
300215,Eastern,West Bengal,Darjeeling,Tiger Hill,Sunrise Point,Unknown,1,0,No,None,Nature,Yes,0.025,All
300216,Eastern,West Bengal,Siliguri,Jaldapara National Park,Wildlife Sanctuary,1941,3,250,Yes,None,Wildlife,Yes,0.035,All
300217,Eastern,West Bengal,Sundarbans,Sundarbans National Park,National Park,1984,4,60,No,None,Wildlife,Yes,0.065,All
300218,Eastern,West Bengal,Digha,Digha Beach,Beach,Unknown,1.5,0,No,None,Recreational,Yes,0.09,Morning
300219,Eastern,West Bengal,Murshidabad,Hazarduari Palace,Palace,1837,1.5,10,Yes,Friday,Historical,Yes,0.18,Morning
300220,Eastern,West Bengal,Bolpur,Kankalitala Temple,Temple,Unknown,0.5,0,Yes,None,Religious,No,0.045,All
300221,Eastern,West Bengal,Hooghly,Hangseswari Temple,Temple,1814,0.5,0,Yes,None,Architectural,No,0.07,All
300222,Eastern,West Bengal,Jalpaiguri,Gorumara National Park,National Park,1949,3,100,Yes,None,Wildlife,Yes,0.07,All
300223,Eastern,West Bengal,Cooch Behar,Cooch Behar Palace,Palace,1887,1,20,Yes,Friday,Historical,Yes,0.09,All
300224,Eastern,West Bengal,Purulia,Ayodhya Hills,Hill,Unknown,2.5,0,No,None,Nature,Yes,0.15,All
300225,Eastern,Odisha,Puri,Jagannath Temple,Temple,12th century,2,0,Yes,None,Religious,No,1,All
300226,Eastern,Odisha,Konark,Sun Temple,Temple,1250,1.5,40,Yes,None,Historical,Yes,0.83,All
300227,Eastern,Odisha,Bhubaneswar,Lingaraj Temple,Temple,11th century,1,0,Yes,None,Religious,No,0.35,All
300228,Eastern,Odisha,Rourkela,Khandadhar Waterfall,Waterfall,Unknown,1.5,0,No,None,Nature,Yes,1.2,All
300229,Eastern,Odisha,Cuttack,Barabati Fort,Fort,-987,1,0,Yes,None,Historical,Yes,0.13,All
300230,Eastern,Odisha,Sambalpur,Hirakud Dam,Dam,1957,1,0,No,None,Engineering Marvel,Yes,0.01,All
300231,Eastern,Odisha,Chilika,Chilika Lake,Lake,Unknown,2,0,Yes,None,Nature,Yes,0.1,Morning
300232,Eastern,Odisha,Berhampur,Tara Tarini Temple,Temple,Ancient,1,0,Yes,None,Religious,No,0.01,All
300233,Eastern,Odisha,Keonjhar,Badaghagara Waterfall,Waterfall,Unknown,1,0,No,None,Nature,Yes,0.018,Morning
300234,Eastern,Odisha,Balasore,Chandipur Beach,Beach,Unknown,1.5,0,Yes,None,Recreational,Yes,0.014,Morning
300235,Eastern,Odisha,Kendujhar,Sanaghagara Waterfall,Waterfall,Unknown,1,0,No,None,Nature,Yes,0.055,All
300236,Southern,Tamil Nadu,Chennai,Marina Beach,Beach,Unknown,1.5,0,Yes,None,Recreational,Yes,0.1,Morning
300237,Southern,Tamil Nadu,Madurai,Meenakshi Amman Temple,Temple,6th century AD,2,0,Yes,None,Religious,No,0.65,All
300238,Southern,Tamil Nadu,Rameswaram,Ramanathaswamy Temple,Temple,12th century,1.5,0,No,None,Religious,No,0.01,All
300239,Southern,Tamil Nadu,Kanyakumari,Vivekananda Rock Memorial,Memorial,1970,1,20,Yes,None,Historical,No,0.47,Morning
300240,Southern,Tamil Nadu,Ooty,Ooty Lake,Lake,1824,1,10,Yes,None,Recreational,Yes,0.61,Morning
300241,Southern,Tamil Nadu,Coimbatore,Marudamalai Temple,Temple,12th century,1,0,Yes,None,Religious,No,0.3,All
300242,Southern,Tamil Nadu,Kodaikanal,Kodaikanal Lake,Lake,1863,2,0,No,None,Recreational,Yes,0.1,Morning
300243,Southern,Tamil Nadu,Thanjavur,Brihadeeswarar Temple,Temple,110,1.5,0,Yes,None,Religious,No,0.35,All
300244,Southern,Tamil Nadu,Mahabalipuram,Shore Temple,Temple,7th century,1,40,Yes,None,Historical,No,0.09,All
300245,Southern,Tamil Nadu,Yercaud,Yercaud Lake,Lake,Unknown,1,0,No,None,Recreational,Yes,0.019,Morning
300246,Southern,Tamil Nadu,Tirunelveli,Nellaiappar Temple,Temple,7th century,1,0,Yes,None,Religious,No,0.16,All
300247,Southern,Tamil Nadu,Chidambaram,Nataraja Temple,Temple,10th century,1,0,Yes,None,Religious,No,0.28,All
300248,Southern,Andhra Pradesh,Vijayawada,Kanaka Durga Temple,Temple,Unknown,1,0,Yes,None,Religious,No,0.44,All
300249,Southern,Andhra Pradesh,Visakhapatnam,Rishikonda Beach,Beach,Unknown,1.5,0,Yes,None,Recreational,Yes,0.39,Morning
300250,Southern,Andhra Pradesh,Srisailam,Mallikarjuna Swamy Temple,Temple,14th century,1,0,No,None,Religious,No,0.49,All
300251,Southern,Andhra Pradesh,Rajahmundry,Papikondalu,Hill,Unknown,2,0,Yes,None,Nature,Yes,0.032,All
300252,Southern,Andhra Pradesh,Anantapur,Lepakshi,Site,16th century,1.5,0,No,None,Historical,Yes,0.075,All
300253,Southern,Andhra Pradesh,Kurnool,Belum Caves,Cave,Unknown,1.5,65,Yes,None,Natural Wonder,Yes,0.11,Afternoon
300254,Southern,Andhra Pradesh,Amravati,Amaravathi Temple,Temple,Unknown,1,0,Yes,None,Religious,No,0.041,All
300255,Southern,Andhra Pradesh,Guntur,Uppalapadu Bird Sanctuary,Bird Sanctuary,Unknown,1,10,Yes,None,Wildlife,Yes,0.7,All
300256,Southern,Andhra Pradesh,Kadapa,Gandikota Fort,Fort,12th century,1.5,0,No,None,Historical,Yes,0.015,Morning
300257,Southern,Andhra Pradesh,Puttaparthi,Prasanthi Nilayam,Spiritual Center,1950,1,0,Yes,None,Religious,Yes,0.12,All
300258,Southern,Andhra Pradesh,Vizianagaram,Simhachalam Temple,Temple,198,1,0,Yes,None,Religious,No,0.59,All
300259,Southern,Andhra Pradesh,Visakhapatnam,Kailasagiri,Hill,Unknown,2,0,Yes,None,Recreational,Yes,0.019,All
300260,Southern,Andhra Pradesh,Visakhapatnam,Submarine Museum,Museum,22,1,40,Yes,None,Historical,Yes,0.49,All
300261,Southern,Andhra Pradesh,Visakhapatnam,Borra Caves,Cave,Unknown,2,60,No,None,Natural Wonder,Yes,0.31,Afternoon
300262,Southern,Andhra Pradesh,Visakhapatnam,War Memorial,War Memorial,Unknown,1,0,Yes,None,Historical,Yes,0.059,All
300263,Southern,Andhra Pradesh,Visakhapatnam,Indira Gandhi Zoological Park,Zoo,1977,2,20,Yes,Monday,Wildlife,Yes,0.25,Afternoon
300264,Southern,Andhra Pradesh,Visakhapatnam,Matsyadarshini Aquarium,Aquarium,Unknown,1,20,Yes,None,Recreational,Yes,0.03,All
300265,Southern,Andhra Pradesh,Visakhapatnam,Visakha Museum,Museum,1991,1,10,Yes,None,Cultural,Yes,0.065,All
300266,Eastern,Sikkim,Gangtok,Nathula Pass,Hill,Unknown,2,20,Yes,None,Historical,Yes,0.15,Afternoon
300267,Eastern,Sikkim,Pelling,Pemayangtse Monastery,Monastery,1705,1,20,No,None,Religious,No,0.015,Morning
300268,Eastern,Sikkim,Namchi,Char Dham,Religious Complex,211,2,50,Yes,None,Religious,No,0.12,All
300269,Eastern,Sikkim,Gangtok,Rumtek Monastery,Monastery,1960s,1,10,Yes,None,Religious,No,0.035,Morning
300270,Eastern,Sikkim,Ravangla,Buddha Park,Park,213,1,50,Yes,None,Cultural,Yes,0.1,All
300271,Eastern,Sikkim,Gangtok,Baba Harbhajan Singh Temple,Temple,1967,1,0,Yes,None,Religious,No,0.075,All
300272,Eastern,Sikkim,Gangtok,Tsomgo Lake,Lake,Unknown,2,0,Yes,None,Nature,Yes,0.15,Morning
300273,North Eastern,Assam,Guwahati,Kamakhya Temple,Temple,Unknown,2,0,Yes,None,Religious,No,0.21,All
300274,North Eastern,Assam,Kaziranga,Kaziranga National Park,National Park,1905,3,650,No,None,Wildlife,No,0.068,Morning
300275,North Eastern,Assam,Guwahati,Umananda Island,Island,Unknown,1,0,Yes,None,Nature,Yes,0.01,Morning
300276,North Eastern,Assam,Sivasagar,Sivasagar Sivadol,Temple,1734,1,0,No,None,Historical,Yes,0.065,All
300277,North Eastern,Assam,Majuli,Majuli Island,River Island,Unknown,2,0,No,None,Cultural,Yes,0.01,Morning
300278,North Eastern,Assam,Manas,Manas National Park,National Park,1990,3,500,No,None,Wildlife,Yes,0.19,Morning
300279,North Eastern,Assam,Hajo,Hayagriva Madhava Temple,Temple,Unknown,1,0,No,None,Religious,Yes,0.9,All
300280,North Eastern,Assam,Guwahati,Pobitora Wildlife Sanctuary,Wildlife Sanctuary,1987,2,500,Yes,None,Wildlife,Yes,0.037,All
300281,North Eastern,Arunachal Pradesh,Tawang,Tawang Monastery,Monastery,1680,2,0,No,None,Religious,No,0.032,Morning
300282,North Eastern,Tripura,Agartala,Ujjayanta Palace,Palace,1901,1.5,10,Yes,Monday,Historical,Yes,0.035,All
300283,North Eastern,Tripura,Dumboor,Dumboor Lake,Lake,Unknown,1,0,No,None,Nature,Yes,0.01,Morning
300284,North Eastern,Tripura,Unakoti,Unakoti Rock Carvings,Rock Carvings,700,1.5,20,No,None,Historical,Yes,0.025,Morning
300285,Central,Chhattisgarh,Bastar,Chitrakote Falls,Waterfall,Unknown,1.5,0,No,None,Nature,Yes,0.19,Morning
300286,North Eastern,Nagaland,Dzükou Valley,Dzükou Valley,Valley,Unknown,3,0,No,None,Trekking,Yes,0.01,Afternoon
300287,Southern,Puducherry,Puducherry,Promenade Beach,Beach,Unknown,1,0,Yes,None,Recreational,Yes,0.09,Morning
300288,Southern,Puducherry,Auroville,Auroville,Township,1968,2,0,Yes,None,Cultural,Yes,0.035,All
300289,Southern,Puducherry,Puducherry,Paradise Beach,Beach,Unknown,1,200,Yes,None,Recreational,Yes,0.015,Morning
300290,Southern,Andaman and Nicobar Islands,Port Blair,Cellular Jail,Landmark,1906,1.5,30,Yes,Monday,Historical,Yes,0.12,Afternoon
300291,Southern,Andaman and Nicobar Islands,Havelock Island,Radhanagar Beach,Beach,Unknown,1,0,No,None,Nature,Yes,0.09,Morning
300292,Southern,Andaman and Nicobar Islands,Neil Island,Bharatpur Beach,Beach,Unknown,1,0,No,None,Nature,Yes,0.04,Morning
300293,Southern,Andaman and Nicobar Islands,Baratang Island,Limestone Caves,Natural Feature,Unknown,1.5,250,No,None,Nature,Yes,0.015,Morning
300294,Western,Daman and Diu,Diu,Naida Caves,Cave,Unknown,1,0,No,None,Nature,Yes,0.6,Afternoon
300295,Western,Daman and Diu,Diu,Diu Fort,Fort,1535,1.5,0,No,None,Historical,Yes,1.2,Afternoon
300296,Eastern,Jharkhand,Deoghar,Baba Baidyanath Temple,Temple,Unknown,1,0,Yes,None,Religious,Yes,1.8,All
300297,Eastern,Jharkhand,Ranchi,Pahari Mandir,Temple,Unknown,1,0,Yes,None,Religious,Yes,0.13,All
300298,Eastern,Bihar,Bodh Gaya,Mahabodhi Temple,Temple,-260,1.5,0,Yes,None,Religious,Yes,0.2,All
300299,Eastern,Bihar,Patna,Sanjay Gandhi Biological Park,Zoo,Unknown,2.5,30,Yes,None,Wildlife,Yes,0.5,All
300300,Eastern,Bihar,Patna,Takhat Shri Harimandir Ji Patna Sahib,Gurudwara,Unknown,1,0,Yes,None,Religious,Yes,0.25,All
300301,Eastern,Bihar,Patna,Budhha Smriti Park,Park,Unknown,1,10,Yes,None,Cultural,Yes,0.31,All
300302,Northern,Haryana,Gurugram,Kingdom of Dreams,Entertainment,2010,3,1100,Yes,Monday,Entertainment,Yes,0.3,Afternoon
300303,Northern,Haryana,Gurugram,Ambience Mall,Mall,Unknown,2,0,Yes,None,Shopping,Yes,1.2,Afternoon
300304,Northern,Haryana,Gurugram,DLF CyberHub,Commercial Complex,Unknown,2,0,Yes,None,Entertainment,Yes,0.71,Afternoon
300305,Northern,Delhi,New Delhi,Gurudwara Bangla Sahib,Gurudwara,Unknown,1,0,Yes,None,Religious,Yes,1.05,All
300306,Northern,Uttarakhand,Kedarnath,Kedarnath,Temple,Unknown,1.5,0,No,None,Religious,No,2,All
300307,Central,Uttar Pradesh,Noida,DLF Mall of India,Mall,2016,2,0,Yes,None,Shopping,Yes,1.5,All
300308,Central,Uttar Pradesh,Greater Noida,The Grand Venice Mall,Mall,Unknown,2,0,Yes,None,Shopping,Yes,0.45,All
300309,Southern,Karnataka,Bengaluru,Wonderla Amusement Park,Amusement Park,2005,4,890,Yes,None,Entertainment,Yes,0.95,All
300310,Eastern,Odisha,Bhubaneswar,Nandankanan Zoological Park,Zoo,1960,3,50,Yes,Monday,Wildlife,Yes,0.81,Afternoon
300311,Southern,Karnataka,Bengaluru,Orion Mall,Mall,2012,2,0,Yes,None,Shopping,Yes,1.8,All
300312,Southern,Telangana,Hyderabad,Inorbit Mall Cyberabad,Mall,2004,2,0,Yes,None,Shopping,Yes,1.2,All
300313,Northern,Delhi,New Delhi,Jama Masjid,Mosque,1656,1,0,Yes,None,Historical,Yes,0.49,All
300314,Southern,Tamil Nadu,Rameswaram,Ramanathaswamy Temple,Temple,Unknown,1.5,0,Yes,None,Religious,No,0.1,All
300315,Central,Uttar Pradesh,Greater Noida,Buddh International Circuit,Race Track,2011,2,1500,Yes,Sunday,Sports,Yes,7.4,All
300316,Central,Uttar Pradesh,Lucknow,Phoenix Palassio,Mall,2020,2,0,Yes,None,Shopping,Yes,0.35,All
300317,Southern,Kerala,Kochi,LuLu International Shopping Mall,Mall,2013,3,0,Yes,None,Shopping,Yes,1.9,All
300318,Northern,Delhi,New Delhi,Rail Museum,Museum,1977,2,50,Yes,Monday,Cultural,Yes,0.24,Morning
300319,North Eastern,Meghalaya,Cherrapunji,Living Root Bridge,Natural Feature,Unknown,2,0,No,None,Nature,Yes,0.06,Morning
300320,Western,Gujarat,Gandhinagar,Akshardham,Temple,1992,3,0,Yes,Monday,Religious,No,0.18,All
300321,Central,Uttar Pradesh,Agra,Agra Fort,Fort,1565,2,40,Yes,None,Historical,Yes,1.3,Afternoon
300322,Central,Madhya Pradesh,Bhopal,Madhya Pradesh Tribal Museum,Museum,2013,2,10,Yes,Monday,Cultural,Yes,0.15,All
300323,Northern,Rajasthan,Jaipur,City Palace,Palace,1727,2,200,Yes,None,Historical,Yes,0.51,Morning
300324,Northern,Rajasthan,Jaipur,Albert Hall Museum,Museum,1887,2,200,Yes,None,Historical,Yes,0.63,All
